-----------------------------------------------------
-- Here we populate the Fish table with 31 fish

INSERT INTO Fish (FishID, Name, CategoryID, TankID, Compatibility, TemperatureRange, FoodID)
VALUES (1, 'Guppy', 1, 1, 'Peaceful', '70-81F', 1);

INSERT INTO Fish (FishID, Name, CategoryID, TankID, Compatibility, TemperatureRange, FoodID)
VALUES (2, 'Angelfish', 1, 1, 'Semi-Aggressive', '70-81F', 1);

INSERT INTO Fish (FishID, Name, CategoryID, TankID, Compatibility, TemperatureRange, FoodID)
VALUES (3, 'Neon Tetra', 1, 1, 'Peaceful', '70-81F', 2);

INSERT INTO Fish (FishID, Name, CategoryID, TankID, Compatibility, TemperatureRange, FoodID)
VALUES (4, 'Betta', 1, 1, 'Aggressive', '76-82F', 1);

INSERT INTO Fish (FishID, Name, CategoryID, TankID, Compatibility, TemperatureRange, FoodID)
VALUES (5, 'Discus', 1, 2, 'Peaceful', '82-86F', 2);

INSERT INTO Fish (FishID, Name, CategoryID, TankID, Compatibility, TemperatureRange, FoodID)
VALUES (6, 'Clownfish', 2, 2, 'Semi-Aggressive', '75-80F', 3);

INSERT INTO Fish (FishID, Name, CategoryID, TankID, Compatibility, TemperatureRange, FoodID)
VALUES (7, 'Blue Tang', 2, 2, 'Peaceful', '75-82F', 3);

INSERT INTO Fish (FishID, Name, CategoryID, TankID, Compatibility, TemperatureRange, FoodID)
VALUES (8, 'Oscar', 1, 3, 'Aggressive', '74-81F', 4);

INSERT INTO Fish (FishID, Name, CategoryID, TankID, Compatibility, TemperatureRange, FoodID)
VALUES (9, 'Gourami', 1, 1, 'Semi-Aggressive', '72-82F', 1);

INSERT INTO Fish (FishID, Name, CategoryID, TankID, Compatibility, TemperatureRange, FoodID)
VALUES (10, 'Goldfish', 1, 3, 'Peaceful', '65-75F', 4);

INSERT INTO Fish (FishID, Name, CategoryID, TankID, Compatibility, TemperatureRange, FoodID)
VALUES (11, 'Mollies', 1, 1, 'Peaceful', '70-82F', 2);

INSERT INTO Fish (FishID, Name, CategoryID, TankID, Compatibility, TemperatureRange, FoodID)
VALUES (12, 'Lionfish', 2, 2, 'Aggressive', '74-80F', 5);

INSERT INTO Fish (FishID, Name, CategoryID, TankID, Compatibility, TemperatureRange, FoodID)
VALUES (13, 'Pufferfish', 2, 2, 'Semi-Aggressive', '75-82F', 8);

INSERT INTO Fish (FishID, Name, CategoryID, TankID, Compatibility, TemperatureRange, FoodID) 
VALUES (14, 'Swordtail', 1, 5, 'Peaceful', '65-82F', 1);

INSERT INTO Fish (FishID, Name, CategoryID, TankID, Compatibility, TemperatureRange, FoodID) 
VALUES (15, 'Ram Cichlid', 1, 1, 'Peaceful', '78-85F', 2);

INSERT INTO Fish (FishID, Name, CategoryID, TankID, Compatibility, TemperatureRange, FoodID) 
VALUES (16, 'Mandarinfish', 2, 6, 'Peaceful', '76-80F', 3);

INSERT INTO Fish (FishID, Name, CategoryID, TankID, Compatibility, TemperatureRange, FoodID) 
VALUES (17, 'Firefish', 2, 6, 'Peaceful', '72-78F', 3);

INSERT INTO Fish (FishID, Name, CategoryID, TankID, Compatibility, TemperatureRange, FoodID) 
VALUES (18, 'Cardinal Tetra', 1, 4, 'Peaceful', '73-81F', 2);

INSERT INTO Fish (FishID, Name, CategoryID, TankID, Compatibility, TemperatureRange, FoodID) 
VALUES (19, 'Cherry Barb', 1, 5, 'Peaceful', '72-82F', 2);

INSERT INTO Fish (FishID, Name, CategoryID, TankID, Compatibility, TemperatureRange, FoodID) 
VALUES (20, 'Pearl Gourami', 1, 7, 'Semi-Aggressive', '77-82F', 1);

INSERT INTO Fish (FishID, Name, CategoryID, TankID, Compatibility, TemperatureRange, FoodID) 
VALUES (21, 'Banggai Cardinalfish', 2, 8, 'Peaceful', '72-78F', 3);

INSERT INTO Fish (FishID, Name, CategoryID, TankID, Compatibility, TemperatureRange, FoodID) 
VALUES (22, 'Electric Yellow Cichlid', 1, 7, 'Semi-Aggressive', '75-82F', 4);

INSERT INTO Fish (FishID, Name, CategoryID, TankID, Compatibility, TemperatureRange, FoodID) 
VALUES (23, 'Endler’s Livebearer', 1, 4, 'Peaceful', '70-82F', 1);

INSERT INTO Fish (FishID, Name, CategoryID, TankID, Compatibility, TemperatureRange, FoodID)
VALUES (24, 'African Cichlid', 1, 14, 'Aggressive', '74-82F', 4);

INSERT INTO Fish (FishID, Name, CategoryID, TankID, Compatibility, TemperatureRange, FoodID)
VALUES (25, 'Rainbowfish', 1, 9, 'Peaceful', '73-82F', 2);

INSERT INTO Fish (FishID, Name, CategoryID, TankID, Compatibility, TemperatureRange, FoodID)
VALUES (26, 'Kuhli Loach', 1, 12, 'Peaceful', '75-86F', 1);

INSERT INTO Fish (FishID, Name, CategoryID, TankID, Compatibility, TemperatureRange, FoodID)
VALUES (27, 'Black Ghost Knifefish', 1, 3, 'Semi-Aggressive', '73-82F', 1);

INSERT INTO Fish (FishID, Name, CategoryID, TankID, Compatibility, TemperatureRange, FoodID)
VALUES (28, 'Emperor Angelfish', 2, 15, 'Semi-Aggressive', '72-78F', 3);

INSERT INTO Fish (FishID, Name, CategoryID, TankID, Compatibility, TemperatureRange, FoodID)
VALUES (29, 'Green Spotted Puffer', 3, 13, 'Aggressive', '75-80F', 5);

INSERT INTO Fish (FishID, Name, CategoryID, TankID, Compatibility, TemperatureRange, FoodID)
VALUES (30, 'Convict Cichlid', 1, 14, 'Aggressive', '70-82F', 4);

INSERT INTO Fish (FishID, Name, CategoryID, TankID, Compatibility, TemperatureRange, FoodID)
VALUES (31, 'White Cloud Mountain Minnow', 4, 21, 'Peaceful', '60-72F', 2);

---------------------------------------------------------

--Here we populate the Tank table with 21 fish

INSERT INTO Tank (TankID, Size, Type, CurrentFish)
VALUES (1, 50, 'Freshwater', 'Guppy');

INSERT INTO Tank (TankID, Size, Type, CurrentFish)
VALUES (2, 40, 'Freshwater', 'Neon Tetra, Angel Fish, Discus');

INSERT INTO Tank (TankID, Size, Type, CurrentFish)
VALUES (3, 75, 'Freshwater', 'Oscar, Goldfish');

INSERT INTO Tank (TankID, Size, Type, CurrentFish)
VALUES (4, 20, 'Freshwater', 'Betta, Neon Tetra');

INSERT INTO Tank (TankID, Size, Type, CurrentFish)
VALUES (5, 40, 'Freshwater', 'Gourami, Mollies');

INSERT INTO Tank (TankID, Size, Type, CurrentFish)
VALUES (6, 150, 'Saltwater', 'Clownfish, Blue Tang, Pufferfish');

INSERT INTO Tank (TankID, Size, Type, CurrentFish)
VALUES (7, 55, 'Freshwater', 'Angelfish, Discus');

INSERT INTO Tank (TankID, Size, Type, CurrentFish)
VALUES (8, 100, 'Saltwater', 'Lionfish, Pufferfish');

INSERT INTO Tank (TankID, Size, Type, CurrentFish)
VALUES (9, 30, 'Freshwater', 'Ram Cichlid, Cardinal Tetra, Cherry Barb');

INSERT INTO Tank (TankID, Size, Type, CurrentFish)
VALUES (10, 75, 'Saltwater', 'Mandarinfish, Firefish');

INSERT INTO Tank (TankID, Size, Type, CurrentFish)
VALUES (11, 90, 'Saltwater', 'Banggai Cardinalfish, Lionfish');

INSERT INTO Tank (TankID, Size, Type, CurrentFish)
VALUES (12, 25, 'Freshwater', 'Endler’s Livebearer, Swordtail');

INSERT INTO Tank (TankID, Size, Type, CurrentFish)
VALUES (13, 60, 'Brackish', 'Pufferfish');

INSERT INTO Tank (TankID, Size, Type, CurrentFish)
VALUES (14, 45, 'Freshwater', 'Pearl Gourami, Electric Yellow Cichlid');

INSERT INTO Tank (TankID, Size, Type, CurrentFish)
VALUES (15, 200, 'Saltwater', 'Blue Tang, Clownfish, Lionfish, Pufferfish');

INSERT INTO Tank (TankID, Size, Type, CurrentFish)
VALUES (16, 35, 'Freshwater', 'Rainbowfish, Guppy');

INSERT INTO Tank (TankID, Size, Type, CurrentFish)
VALUES (17, 120, 'Saltwater', 'Emperor Angelfish, Clownfish, Blue Tang');

INSERT INTO Tank (TankID, Size, Type, CurrentFish)
VALUES (18, 30, 'Brackish', 'Green Spotted Puffer');

INSERT INTO Tank (TankID, Size, Type, CurrentFish)
VALUES (19, 90, 'Freshwater', 'Black Ghost Knifefish, Oscar');

INSERT INTO Tank (TankID, Size, Type, CurrentFish)
VALUES (20, 50, 'Freshwater', 'African Cichlid, Convict Cichlid');

INSERT INTO Tank (TankID, Size, Type, CurrentFish)
VALUES (21, 40, 'Cold Freshwater', 'Goldfish, White Cloud Mountain Minnow');


-------------------------------------
--Here we populate the category table with 4 categories
INSERT INTO Category (CategoryID, Type, TypicalTemperatureRange, CareLevel)
VALUES (1, 'Freshwater', '72-82', 'Beginner');

INSERT INTO Category (CategoryID, Type, TypicalTemperatureRange, CareLevel)
VALUES (2, 'Saltwater', '75-80', 'Intermediate');

INSERT INTO Category (CategoryID, Type, TypicalTemperatureRange, CareLevel)
VALUES (3, 'Brackish', '72-82', 'Advanced');

INSERT INTO Category (CategoryID, Type, TypicalTemperatureRange, CareLevel)
VALUES (4, 'Cold Freshwater', '60-75', 'Beginner');

------------------------------------
--This is the food table which is several different types of food

INSERT INTO Food (FoodID, Name, FishID, FoodType, Perishable) 
VALUES (1, 'Pellets', NULL, 'Dry', 'No');

INSERT INTO Food (FoodID, Name, FishID, FoodType, Perishable) 
VALUES (2, 'Flakes', NULL, 'Dry', 'No');

INSERT INTO Food (FoodID, Name, FishID, FoodType, Perishable) 
VALUES (3 'Blood Worms', NULL, 'Live', 'Yes');

INSERT INTO Food (FoodID, Name, FishID, FoodType, Perishable) 
VALUES (4, 'Alea Wafers', NULL, 'Dry', 'No');

INSERT INTO Food (FoodID, Name, FishID, FoodType, Perishable) 
VALUES (5, 'Other Fish', NULL, 'Live', 'Yes');

INSERT INTO Food (FoodID, Name, FishID, FoodType, Perishable) 
VALUES (6, 'Dried Shrimp', NULL, 'Dry', 'No');

INSERT INTO Food (FoodID, Name, FishID, FoodType, Perishable) 
VALUES (7, 'Frozen Shrimp', NULL, 'Frozen', 'No');

INSERT INTO Food (FoodID, Name, FishID, FoodType, Perishable) 
VALUES (8, 'Clams', 13, 'Frozen', 'Yes');